{
  "turnover_deciles": {
    "1": 0.0,
    "2": 2430000.0,
    "3": 13692150.00000001,
    "4": 44621760.00000002,
    "5": 123768000.0,
    "6": 343710000.0,
    "7": 1080321599.999999,
    "8": 3770376000.000002,
    "9": 16355592383.431402
  },
  "atr14_deciles": {
    "1": 0.0,
    "2": 1.2142857142857142,
    "3": 3.642857142857143,
    "4": 5.857142857142857,
    "5": 8.857142857142858,
    "6": 13.0,
    "7": 20.0,
    "8": 33.57142857142857,
    "9": 70.0
  }
}